height_over_sea_level,fall,net_fall,flow,power_of_hydroelectrical_turbine
0.9904761904761905,0.9267227938883692,0.9356856204721947,0.3888888888888889,0.37684582936828726
0.9968253968253968,0.9682985136680179,0.9773805180591025,0.3888888888888889,0.38466143441251444
0.9555555555555556,0.7051242074628418,0.6922916558086205,0.7222222222222222,0.5130096662200109
0.9507936507936507,0.6739424176281053,0.6610204826184396,0.7222222222222222,0.48787721876174883
1.0,0.9842012264837335,0.975035180069839,0.8888888888888888,0.8352706169772371
0.9841269841269841,0.8823407130235943,0.8825246260488873,0.6666666666666666,0.5994440443056889
0.953968253968254,0.6952499740151752,0.6844738625110752,0.6666666666666666,0.47483945866964505
0.9873015873015873,0.9168485604407026,0.9166102048261844,0.3333333333333333,0.3235423893838215
0.9507936507936507,0.675501507119842,0.6688382759159849,0.5555555555555556,0.39777741665828903
0.9698412698412698,0.7887953435193847,0.7887111064783447,0.6666666666666666,0.5459114464625822
0.9380952380952381,0.591830371063299,0.582894668264971,0.6111111111111112,0.3761120835324464
0.9380952380952381,0.5923500675605446,0.5854484807421692,0.5555555555555556,0.3503384347581793
0.9492063492063492,0.6645878806776843,0.6558607390420598,0.6111111111111112,0.4229054572346541
0.9809523809523809,0.8631119426255068,0.8689737843331422,0.5,0.45220571324694925
0.9666666666666667,0.7680074836295604,0.7678636576848908,0.6666666666666666,0.5334862429541534
0.9650793650793651,0.756574160690157,0.7519674779798822,0.7777777777777778,0.5955836157639675
0.9666666666666667,0.7817274711568444,0.7811017876687341,0.3333333333333333,0.29315253182250733
0.9746031746031746,0.8215362228458581,0.8272788867462344,0.5,0.43604788077181034
0.9968253968253968,0.9644527595884005,0.9604419659144212,0.7777777777777778,0.7373662270342923
0.9650793650793651,0.7581332501818938,0.7600979830093292,0.6111111111111112,0.48926428483881146
0.9920634920634921,0.9322315767591727,0.9229165580862042,0.8888888888888888,0.7961253868071728
0.9571428571428572,0.718220559193431,0.7145463073956324,0.4444444444444444,0.3490538286852206
0.9698412698412698,0.7882756470221391,0.786105175379163,0.7222222222222222,0.5833005341967149
0.9841269841269841,0.8802619270346118,0.8707979361025695,0.8888888888888888,0.7556283456152214
0.9968253968253968,0.9649724560856461,0.9633084901235212,0.7222222222222222,0.6917296598300321
0.9793650793650793,0.853965284273984,0.862719549695106,0.3888888888888889,0.35811437786533395
0.9476190476190476,0.6552333437272633,0.6500755720018763,0.5,0.3551463429077433
0.9936507936507937,0.9447042926930673,0.945066972429249,0.6666666666666666,0.633098299632163
0.9444444444444444,0.6323666978484566,0.6193255850315318,0.7222222222222222,0.4558094409181739
0.9952380952380953,0.9572809479264109,0.9647156929170793,0.4444444444444444,0.43425427983975473
0.9492063492063492,0.6630287911859475,0.6477302340126126,0.7777777777777778,0.5036913144489263
0.9920634920634921,0.9480303502754391,0.9478813780163653,0.3333333333333333,0.3279691022493001
0.9873015873015873,0.9015694834216817,0.8947725022150415,0.8333333333333334,0.7362678117214796
1.0,0.9857603159754704,0.9841559389169751,0.7222222222222222,0.7027788144661407
0.9714285714285714,0.79763018397256,0.7905352582477719,0.8333333333333334,0.6576931074989981
0.9761904761904762,0.8288119738072965,0.8218064314379528,0.8333333333333334,0.6824124097794219
0.9650793650793651,0.7713335412119322,0.770678063272007,0.3333333333333333,0.2904940803181769
0.9888888888888889,0.9119634133665939,0.9051962266117684,0.8333333333333334,0.7438145969699933
0.9507936507936507,0.6744621141253508,0.6636264137176213,0.6666666666666666,0.4595806301014823
0.946031746031746,0.6422409312961231,0.6268827852191587,0.7777777777777778,0.4868548221616582
0.9698412698412698,0.791601704604511,0.8001772033147443,0.3888888888888889,0.33982581799302336
0.9904761904761905,0.9260991580916744,0.9334445197268983,0.4444444444444444,0.42572806508964567
0.9380952380952381,0.5902712815715623,0.574764163235524,0.7777777777777778,0.42124626620045535
0.9920634920634921,0.9327512732564183,0.9260436754052223,0.8333333333333334,0.7583562055094287
0.9714285714285714,0.7981498804698057,0.79366237556679,0.7777777777777778,0.6253972735172564
0.9412698412698413,0.6110591414613866,0.5956116120289779,0.7777777777777778,0.4573132893655054
0.9555555555555556,0.7056439039600874,0.6948975869078022,0.6666666666666666,0.4828346441511726
0.953968253968254,0.6974326993036066,0.6936988586021785,0.4444444444444444,0.34043727285622416
0.9412698412698413,0.6115788379586322,0.5984781362380779,0.7222222222222222,0.43898066067422536
0.973015873015873,0.8106225964037003,0.8147704174701621,0.5555555555555556,0.47570541096239416
0.9428571428571428,0.6240515538925268,0.6188043988116955,0.5,0.3412073754677148
0.9555555555555556,0.7084502650452136,0.7063636837442018,0.3888888888888889,0.3088895070764883
0.973015873015873,0.8123895644943353,0.8210246521081982,0.3888888888888889,0.34596570619593825
0.9619047619047619,0.7347469078058414,0.7248657945483922,0.8888888888888888,0.6199746053430688
0.9968253968253968,0.9676748778713231,0.9751394173138062,0.4444444444444444,0.4367706094029088
0.9968253968253968,0.9665315455773829,0.9711262834210664,0.5555555555555556,0.541033028202667
0.973015873015873,0.8064650244257354,0.7905352582477719,1.0,0.7333383369804872
0.953968253968254,0.6931711880261927,0.6727471725647575,0.8888888888888888,0.5722106159030597
0.9634920634920635,0.7482590167342272,0.7522280710898004,0.5555555555555556,0.4447228277859412
0.946031746031746,0.6448394137823511,0.6396518476051494,0.5,0.3496740973122152
0.9507936507936507,0.6766448394137823,0.6728514098087246,0.4444444444444444,0.3312500258215736
0.9396825396825397,0.60118490801372,0.5880544118413509,0.7222222222222222,0.4299696889154526
0.9666666666666667,0.7648893046460867,0.7488403606608641,1.0,0.6818163790028603
0.9619047619047619,0.7390084190832553,0.7458174805858132,0.4444444444444444,0.3616597143514241
0.9650793650793651,0.7560544641929113,0.7488403606608641,0.8333333333333334,0.620030793087255
0.9380952380952381,0.5913106745660535,0.5802366185438057,0.6666666666666666,0.39986297351601696
0.9603174603174603,0.7347469078058414,0.7144420701516653,0.8888888888888888,0.6111288916554314
0.9380952380952381,0.593493399854485,0.589461614634909,0.4444444444444444,0.2946651940336328
0.9682539682539683,0.7789211100717182,0.7809454318027831,0.6111111111111112,0.5010042182122658
0.9825396825396825,0.8856667706059661,0.8853390316360036,0.3333333333333333,0.3178057308744769
0.9714285714285714,0.8002286664587881,0.8043466930734352,0.5555555555555556,0.4707454653873856
0.9952380952380953,0.9545785261407339,0.9528847657267943,0.7222222222222222,0.6857649451825206
0.9698412698412698,0.7909780688078162,0.797936102569448,0.4444444444444444,0.38135186610791083
0.9793650793650793,0.8533416484772892,0.8604784489498097,0.4444444444444444,0.4029037220249071
0.9825396825396825,0.8747531441638083,0.8835669984885599,0.3888888888888889,0.3638422226108847
0.9920634920634921,0.9311921837646815,0.9156199510084954,1.0,0.8509910664241045
0.9873015873015873,0.9059349339985449,0.9148381716787408,0.3888888888888889,0.37219436552606466
0.9571428571428572,0.7160378339049995,0.7053213113045291,0.6666666666666666,0.49060618037643045
0.9888888888888889,0.9104043238748571,0.8947725022150415,1.0,0.8318530800661583
0.9873015873015873,0.9036482694106642,0.9060301245635065,0.6111111111111112,0.564276025047615
0.9523809523809523,0.6870387693586945,0.6832751342054516,0.4444444444444444,0.33594555848276564
0.9952380952380953,0.9550982226379795,0.955490696825976,0.6666666666666666,0.6377916288524067
0.9682539682539683,0.780584138862904,0.787512378172721,0.4444444444444444,0.3775608459560662
0.9603174603174603,0.7378650867893151,0.7313806222963465,0.5555555555555556,0.4332847658224275
0.9841269841269841,0.8807816235318574,0.8739250534215875,0.8333333333333334,0.7209869487438322
0.9984126984126984,0.9753663860305583,0.9737322145202482,0.7222222222222222,0.6972316518783646
0.9698412698412698,0.7893150400166303,0.7913691561995101,0.6111111111111112,0.506440107032144
0.9873015873015873,0.9031285729134186,0.9033720748423412,0.6666666666666666,0.6111233830530602
0.9920634920634921,0.9343103627481552,0.9346432480325221,0.6666666666666666,0.6276734280170271
0.9476190476190476,0.6526348612410353,0.6373065096158858,0.7777777777777778,0.4952884923919316
0.9523809523809523,0.6827772580812805,0.6623234481680305,0.8888888888888888,0.5620362273234941
0.9507936507936507,0.6772684752104771,0.675092510554021,0.3888888888888889,0.2972674577937772
0.9761904761904762,0.8272528843155598,0.8113827070412258,1.0,0.7527451431341469
0.946031746031746,0.6438000207878599,0.6350132902486059,0.6111111111111112,0.4099183762843651
0.9714285714285714,0.8019956345494231,0.8106009277114713,0.3888888888888889,0.3430527572620594
0.9825396825396825,0.8719467830786821,0.8721009016521604,0.6666666666666666,0.5937084875168185
0.9650793650793651,0.7604199147697744,0.7689060301245635,0.3888888888888889,0.32987618039020183
0.9492063492063492,0.6619893981914562,0.6414759993745766,0.8888888888888888,0.5333485278948739
0.9857142857142858,0.8901361604822784,0.8775733569604419,0.9444444444444444,0.7905363588413757
0.9952380952380953,0.9566573121297164,0.9627873039036847,0.5,0.4852595309149651
0.9444444444444444,0.6334060908429477,0.6245895658518789,0.6111111111111112,0.40344246333680844
0.9888888888888889,0.9150815923500677,0.9210924063167769,0.5,0.47088648560808777
0.9936507936507937,0.9415861137095937,0.9260436754052223,1.0,0.8623255666630402
0.9825396825396825,0.8741295083671136,0.8813258977432636,0.4444444444444444,0.4135838003021469
0.9682539682539683,0.7812077746595988,0.7897534789180174,0.3888888888888889,0.3366032856058843
0.9873015873015873,0.9041679659079098,0.9085839370407047,0.5555555555555556,0.5160438044060557
0.9698412698412698,0.7903544330111216,0.7960077135560535,0.5,0.4234386899441841
0.9603174603174603,0.7396320548799501,0.7376348569343827,0.3888888888888889,0.3197700984800389
0.9507936507936507,0.672903024633614,0.6550268410903216,0.8333333333333334,0.5351090772127023
0.9904761904761905,0.9233967363059974,0.9216135925366133,0.7222222222222222,0.6679457182322344
0.9761904761904762,0.8314104562935246,0.835617866263616,0.5555555555555556,0.4847692653039303
0.9666666666666667,0.768527180126806,0.7705217074060562,0.6111111111111112,0.49502187603716663
0.9888888888888889,0.916328863943457,0.9252618960754677,0.3888888888888889,0.37454213185666074
0.9920634920634921,0.9353497557426463,0.9398551102308855,0.5555555555555556,0.5286452831903622
0.9761904761904762,0.830890759796279,0.8330640537864179,0.6111111111111112,0.528293834359081
0.9809523809523809,0.8584346741502963,0.8426538802314067,1.0,0.7808819823256493
0.9698412698412698,0.7867165575304023,0.776984416532027,0.8888888888888888,0.6714767323521594
0.9492063492063492,0.6640681841804387,0.6532026893208943,0.6666666666666666,0.4521352031365983
0.9428571428571428,0.6219727679035444,0.6089018606348048,0.7222222222222222,0.44770298166874845
0.9841269841269841,0.8851470741087205,0.8939907228852869,0.3888888888888889,0.3670669584389723
0.9698412698412698,0.7898347365138759,0.7939229686767082,0.5555555555555556,0.46590230218264594
0.9936507936507937,0.9441845961958217,0.9424610413300673,0.7222222222222222,0.6798575199996695
0.9428571428571428,0.6235318573952812,0.61671965393235,0.5555555555555556,0.3686060619414794
0.9825396825396825,0.8729861760731733,0.8773127638505238,0.5555555555555556,0.5029289238807553
0.9476190476190476,0.6564806153206527,0.6542450617605671,0.3888888888888889,0.28926345854845575
0.9682539682539683,0.7794408065689638,0.7834992442799813,0.5555555555555556,0.46083769316258505
0.9523809523809523,0.6876624051553892,0.6855162349507479,0.3888888888888889,0.3011455138630864
0.9857142857142858,0.8949173682569379,0.9021733465367175,0.4444444444444444,0.4164945457950773
0.9507936507936507,0.6749818106225964,0.6662844634387867,0.6111111111111112,0.4294496768516135
0.9936507936507937,0.9462633821848042,0.9523635795069577,0.5,0.48169766862176144
0.9523809523809523,0.6864151335619999,0.6813467451920571,0.5,0.3703005080308537
0.9587301587301588,0.7292381249350379,0.7272111325376557,0.3888888888888889,0.3162523050058047
0.9746031746031746,0.8178983473651388,0.8082555897222078,0.8888888888888888,0.7013796294638616
0.9619047619047619,0.7373453902920695,0.7392505342158754,0.6111111111111112,0.47700764456294065
0.953968253968254,0.6957696705124208,0.6871319122322406,0.6111111111111112,0.44315067266920705
0.9920634920634921,0.9371167238332814,0.9461093448689216,0.3888888888888889,0.37953512904589637
0.9793650793650793,0.8495998336971209,0.8426538802314067,0.8333333333333334,0.6978827686786377
0.9825396825396825,0.8698679970896996,0.8603742117058425,0.8888888888888888,0.7464631329900556
0.9761904761904762,0.828292277310051,0.8186793141189347,0.8888888888888888,0.7109161218888447
0.9476190476190476,0.6541939507327721,0.6454370146453328,0.6111111111111112,0.4163358980467874
0.9619047619047619,0.7357863008003327,0.7311200291864283,0.7777777777777778,0.5774790432108542
0.9825396825396825,0.8703876935869452,0.8635013290248607,0.8333333333333334,0.7132550744556468
0.9476190476190476,0.6521151647437897,0.6341793922968677,0.8333333333333334,0.5145719058524769
0.9777777777777777,0.8435713543290718,0.8522958252983791,0.3888888888888889,0.3552135478566717
0.9746031746031746,0.8210165263486124,0.8251941418668891,0.5555555555555556,0.48025992340288404
0.9984126984126984,0.9748466895333127,0.9708656903111481,0.7777777777777778,0.743593151154672
0.9841269841269841,0.8792225340401206,0.8635013290248607,1.0,0.8002303972941746
0.9555555555555556,0.7035651179711049,0.6831708969614844,0.8888888888888888,0.5825271264238017
0.9634920634920635,0.747219623739736,0.7470162088914369,0.6666666666666666,0.5207338284648765
0.953968253968254,0.6968090635069121,0.691770469588784,0.5,0.3752857931767697
0.9888888888888889,0.914561895852822,0.9190076614374316,0.5555555555555556,0.5201620355387483
0.9873015873015873,0.900010393929945,0.8843487778183144,1.0,0.8213129202891465
0.9952380952380953,0.9535391331462426,0.9468911241986762,0.8333333333333334,0.7728118798518737
0.9777777777777777,0.842947718532377,0.8500547245530827,0.4444444444444444,0.3995027109209419
1.0,0.9873194054672072,0.9919737322145203,0.5555555555555556,0.5536774740854687
0.9888888888888889,0.9140421993555764,0.9164538489602335,0.6111111111111112,0.5694023304142332
0.9761904761904762,0.8277725808128054,0.8150310105800802,0.9444444444444444,0.7307019198856415
0.9666666666666667,0.7669680906350692,0.7623912023766092,0.7777777777777778,0.603255997146544
0.9857142857142858,0.8955410040536327,0.9044144472820138,0.3888888888888889,0.3694444712223727
0.9634920634920635,0.76093961126702,0.7602543388752802,0.3333333333333333,0.2877981703177224
0.9619047619047619,0.7368256937948239,0.73659248449471,0.6666666666666666,0.5138370582961618
0.9984126984126984,0.974326993036067,0.9677385729921301,0.8333333333333334,0.786960174182007
0.9396825396825397,0.6038873297993972,0.599885339031636,0.4444444444444444,0.2992175030331742
0.9825396825396825,0.873505872570419,0.8793975087298691,0.5,0.45614766910376414
0.9587301587301588,0.7253923708554205,0.7102725803929744,0.7777777777777778,0.5573748479970034
0.973015873015873,0.8101028999064547,0.812216604992964,0.6111111111111112,0.5173625638137156
0.9761904761904762,0.8440910508263174,0.8436441340490958,0.3333333333333333,0.31111277899349576
0.9777777777777777,0.8397256002494544,0.8353572731536978,0.7777777777777778,0.6551040643845446
0.9587301587301588,0.7274711568444029,0.7209568978996196,0.5555555555555556,0.4273905612852672
0.9476190476190476,0.655856979523958,0.6520039610152707,0.4444444444444444,0.32256295988222605
0.9428571428571428,0.62249246440079,0.6115077917339865,0.6666666666666666,0.4230541894986759
0.9873015873015873,0.9005300904271906,0.8879970813571689,0.9444444444444444,0.7998040314706454
0.9587301587301588,0.7269514603471573,0.7184030854224215,0.6111111111111112,0.4638167453249181
0.9793650793650793,0.8527180126805947,0.8585500599364152,0.5,0.448182230075041
0.9936507936507937,0.9431452032013304,0.9364673998019493,0.8333333333333334,0.7668295376767745
0.9936507936507937,0.9436648996985761,0.9395945171209673,0.7777777777777778,0.7246005918993248
0.9952380952380953,0.9519800436545058,0.9364673998019493,1.0,0.8716736648869291
0.9746031746031746,0.8199771333541213,0.8199822796685257,0.6666666666666666,0.5640744102008299
0.9412698412698413,0.6126182309531234,0.603742117058425,0.6111111111111112,0.3901061369961867
0.9888888888888889,0.9109240203721027,0.8984208057538958,0.9444444444444444,0.8087147466662628
0.9809523809523809,0.8637355784222014,0.8709021733465366,0.4444444444444444,0.4063906673258627
0.9634920634920635,0.7477393202369816,0.7496742586126023,0.6111111111111112,0.48335245277406336
0.9888888888888889,0.9130028063610852,0.9111898681398864,0.7222222222222222,0.6617639646512986
1.0,0.9890863735578422,0.9982279668525564,0.3888888888888889,0.3880382076660466
1.0,0.9852406194782248,0.9812894147078751,0.7777777777777778,0.74994456968864
0.9571428571428572,0.7155181374077539,0.7027153802053474,0.7222222222222222,0.5216967321593583
0.9968253968253968,0.9634133665939092,0.9541877312763851,0.8888888888888888,0.8197859357118561
0.9492063492063492,0.6625090946887019,0.6446031166935946,0.8333333333333334,0.5253346131652842
0.9841269841269841,0.8797422305373662,0.867149632563715,0.9444444444444444,0.7809216442627218
0.9444444444444444,0.6344454838374389,0.6290717673424715,0.5,0.3441104089173255
0.9714285714285714,0.7960710944808232,0.780111533851045,1.0,0.7220192608281909
1.0,0.9878391019644529,0.9940584770938655,0.5,0.50003250075399
0.9746031746031746,0.8189377403596301,0.8145098243602439,0.7777777777777778,0.6401658364743843
0.9809523809523809,0.8594740671447875,0.8499504873091156,0.8888888888888888,0.7380151403936173
0.9650793650793651,0.7586529466791394,0.7626517954865274,0.5555555555555556,0.45021600607047985
0.9682539682539683,0.7758029310882445,0.7629123885964455,0.9444444444444444,0.6803301580831166
0.973015873015873,0.8095832034092091,0.8095585552717987,0.6666666666666666,0.5580314733996478
0.9698412698412698,0.7872362540276479,0.780111533851045,0.8333333333333334,0.6487228993977721
0.9619047619047619,0.7378650867893151,0.7418043466930735,0.5555555555555556,0.4392858372455887
0.9952380952380953,0.9524997401517514,0.9401157033408036,0.9444444444444444,0.844427015838609
0.9904761904761905,0.9213179503170149,0.9088445301506227,0.9444444444444444,0.817709192617922
0.9682539682539683,0.777881717077227,0.775681450982436,0.7222222222222222,0.576388339941361
0.9904761904761905,0.923916432803243,0.9242195236357951,0.6666666666666666,0.6221295705906738
0.9619047619047619,0.7342272113085958,0.7212174910095377,0.9444444444444444,0.5511997047389129
0.9793650793650793,0.8511589231888578,0.8512534528587065,0.6666666666666666,0.5819652489819415
0.953968253968254,0.6926514915289471,0.6690988690259029,0.9444444444444444,0.5676362724940336
0.9555555555555556,0.7030454214738593,0.6795225934226299,0.9444444444444444,0.5889237154972133
0.9428571428571428,0.6214530714062988,0.606035336425705,0.7777777777777778,0.46761768096103085
0.9761904761904762,0.8319301527907703,0.8377026111429613,0.5,0.4401220430855335
0.9523809523809523,0.6832969545785261,0.6654505654870485,0.8333333333333334,0.5439261461680096
0.9714285714285714,0.8007483629560338,0.8064314379527805,0.5,0.4275183608602785
0.9603174603174603,0.7383847832865608,0.7334653671756918,0.5,0.3957425389423759
0.9904761904761905,0.9244361293004886,0.9268775733569604,0.6111111111111112,0.5742256626504365
0.9873015873015873,0.9053112982018501,0.9125970709334444,0.4444444444444444,0.41952317537875083
0.9682539682539683,0.7768423240827357,0.769687809454318,0.8333333333333334,0.6407211035933991
0.9523809523809523,0.6843363475730174,0.6714442070151666,0.7222222222222222,0.49599359349544236
0.9777777777777777,0.8544849807712296,0.8540678584458227,0.3333333333333333,0.3114058366396424
0.9968253968253968,0.9670512420746286,0.9732110283004116,0.5,0.48854486136913555
0.9666666666666667,0.7664483941378235,0.7592640850575911,0.8333333333333334,0.6301324681155209
0.9857142857142858,0.890655856979524,0.8812216604992964,0.8888888888888888,0.7634759005532015
0.9777777777777777,0.8407649932439456,0.8408297284619796,0.6666666666666666,0.5760666375628841
0.9650793650793651,0.7597962789730797,0.7666649293792671,0.4444444444444444,0.36971329101808614
0.9492063492063492,0.6662509094688701,0.6624276854119977,0.4444444444444444,0.32707670866516925
0.9904761904761905,0.9207982538197693,0.9051962266117684,1.0,0.8424406138235623
0.9984126984126984,0.976925475522295,0.9815500078177933,0.5555555555555556,0.5446312472715203
0.9857142857142858,0.8932543394657521,0.8956064001667796,0.6111111111111112,0.5592808244174309
0.9809523809523809,0.8625922461282611,0.8668890394537969,0.5555555555555556,0.4987985738228461
0.9650793650793651,0.7576135536846482,0.757439933288164,0.6666666666666666,0.5272394878652376
0.9396825396825397,0.6032636940027024,0.5979569500182416,0.5,0.3284208076437367
0.9523809523809523,0.684856044070263,0.6740501381143483,0.6666666666666666,0.46707563448770695
0.946031746031746,0.6454630495790459,0.6415802366185438,0.4444444444444444,0.31796327690229254
0.9873015873015873,0.9010497869244362,0.8916453848960234,0.8888888888888888,0.7717509230351849
0.9492063492063492,0.6651075771749299,0.6584145515192578,0.5555555555555556,0.39200109621187185
0.9698412698412698,0.8025153310466687,0.801949236462188,0.3333333333333333,0.29853774150057083
0.973015873015873,0.8085438104147179,0.804086099963517,0.7777777777777778,0.6327479525213562
0.9746031746031746,0.8168589543706476,0.8009589826444989,1.0,0.7430610201656161
0.9793650793650793,0.852198316183349,0.8564653150570699,0.5555555555555556,0.4942660957918409
0.9650793650793651,0.7570938571874026,0.7548340021889822,0.7222222222222222,0.5625066619659926
0.9571428571428572,0.713959047916017,0.6935946213582114,0.8888888888888888,0.5928932143658842
0.9936507936507937,0.9468870179814988,0.9542919685203523,0.4444444444444444,0.43134463606729867
0.9492063492063492,0.6668745452655649,0.664668786157294,0.3888888888888889,0.2931018526806925
0.9761904761904762,0.8293316703045422,0.8249335487569709,0.7777777777777778,0.6475991445140517
0.9571428571428572,0.7188441949901258,0.7167874081409288,0.3888888888888889,0.31245247109016616
0.9952380952380953,0.9561376156324707,0.9607025590243394,0.5555555555555556,0.5369335263180365
0.9825396825396825,0.8688286040952085,0.8530776046281336,1.0,0.7910001831610288
0.9634920634920635,0.7487787132314729,0.7543128159691457,0.5,0.40503995802445003
0.9809523809523809,0.8643592142188962,0.873143274091833,0.3888888888888889,0.36095461324791334
1.0,0.983681529986488,0.9713868765309844,0.9444444444444444,0.869690568033305
0.9841269841269841,0.8838998025153312,0.8898212331265961,0.5,0.46328020745396536
0.9444444444444444,0.6313273048539654,0.6133319435034138,0.8333333333333334,0.48753899057615857
0.9634920634920635,0.7456605342479992,0.7384166362641372,0.8333333333333334,0.6157583210881693
0.9634920634920635,0.7441014447562624,0.7279929118674102,1.0,0.6558091654880552
0.9952380952380953,0.9579045837231057,0.9669567936623755,0.3888888888888889,0.3826772358384162
0.9444444444444444,0.6328863943457022,0.6219315161307135,0.6666666666666666,0.4302572379592281
0.953968253968254,0.6962893670096664,0.6896857247094388,0.5555555555555556,0.4112228133258601
0.9380952380952381,0.5911027959671552,0.577630687444624,0.7222222222222222,0.4197633504421342
0.9952380952380953,0.953019436648997,0.9437640068796581,0.8888888888888888,0.8117731227027408
0.9936507936507937,0.9426255067040848,0.9333402824829312,0.8888888888888888,0.8039872641113178
0.9682539682539683,0.7763226275854901,0.7665606921353,0.8888888888888888,0.6609729293507974
0.9507936507936507,0.6760212036170877,0.6709230207953301,0.5,0.36503979276637877
0.9492063492063492,0.6635484876831931,0.6505967582217126,0.7222222222222222,0.47969804596102394
0.9523809523809523,0.6853757405675086,0.6767081878355137,0.6111111111111112,0.43611398400026447
0.9920634920634921,0.9337906662509096,0.9320373169333404,0.7222222222222222,0.6738156849189616
0.9603174603174603,0.7357863008003327,0.7206963047897014,0.7777777777777778,0.5672771116194327
0.973015873015873,0.8080241139174722,0.8009589826444989,0.8333333333333334,0.665951604173868
0.9603174603174603,0.735266604303087,0.7175691874706833,0.8333333333333334,0.5897246662819827
0.9666666666666667,0.7659286976405779,0.7561369677385731,0.8888888888888888,0.6496935151355736
0.9968253968253968,0.9639330630911548,0.9573148485954032,0.8333333333333334,0.7799278923949613
0.9682539682539683,0.7752832345909989,0.7592640850575911,1.0,0.6965210421724826
1.0,1.0,1.0,0.3333333333333333,0.33265361770574975
0.953968253968254,0.6936908845234383,0.6758742898837755,0.8333333333333334,0.5529018628716068
1.0,0.986280012472716,0.9867618700161568,0.6666666666666666,0.652772823861062
0.9714285714285714,0.7997089699615425,0.801792880596237,0.6111111111111112,0.5118793010134451
0.9634920634920635,0.7494023490281675,0.7562412049825402,0.4444444444444444,0.365905745059128
0.9714285714285714,0.7965907909780688,0.7837598373898994,0.9444444444444444,0.698992201196193
0.9587301587301588,0.7248726743581748,0.7071454630739563,0.8333333333333334,0.579900624813224
0.9619047619047619,0.7396320548799501,0.7480585813311096,0.3888888888888889,0.3230444117294671
0.946031746031746,0.6427606277933687,0.6297493094282587,0.7222222222222222,0.4635809771434316
0.9904761904761905,0.9218376468142605,0.9124928336894773,0.8888888888888888,0.7880442671286548
0.9904761904761905,0.9223573433115061,0.9156199510084954,0.8333333333333334,0.7510870538204223
0.9746031746031746,0.8221598586425527,0.8292072757596288,0.4444444444444444,0.3924472930039373
0.9666666666666667,0.7701902089179918,0.7770886537759941,0.4444444444444444,0.37377313096564424
0.946031746031746,0.6417212347988775,0.6237556679001407,0.8333333333333334,0.5045837080330572
0.9777777777777777,0.8386862072549631,0.8291030385156617,0.8888888888888888,0.7192770785678185
0.9968253968253968,0.9792121401101757,0.9791525512065461,0.3333333333333333,0.3322052174727359
0.9825396825396825,0.8724664795759277,0.8747589513733257,0.6111111111111112,0.5493256782122382
0.9984126984126984,0.9758860825278038,0.9763381456194299,0.6666666666666666,0.648418824546883
0.9920634920634921,0.933270969753664,0.9291707927242403,0.7777777777777778,0.7182006976644904
0.9825396825396825,0.869348300592454,0.856725908166988,0.9444444444444444,0.7714843066804198
0.946031746031746,0.6443197172851055,0.6375671027258039,0.5555555555555556,0.38041430198433634
0.946031746031746,0.6432803242906143,0.6323552405274404,0.6666666666666666,0.4375175758844406
0.9714285714285714,0.8013719987527284,0.8083598269661749,0.4444444444444444,0.3851461914211781
0.9523809523809523,0.6838166510757718,0.6685776828060666,0.7777777777777778,0.5208373901894546
0.9666666666666667,0.7674877871323148,0.7652577265857091,0.7222222222222222,0.5693913132094908
0.9555555555555556,0.7046045109655962,0.6894251315995205,0.7777777777777778,0.5383911025054501
0.9888888888888889,0.9135225028583308,0.9137957992390682,0.6666666666666666,0.6164667273531028
0.9666666666666667,0.7690468766240516,0.7730755198832543,0.5555555555555556,0.45542053359076873
0.946031746031746,0.6460866853757405,0.6438213373638401,0.3888888888888889,0.28548896420372466
0.9777777777777777,0.8376468142604719,0.8218064314379528,1.0,0.7622463805039547
0.9412698412698413,0.613137927450369,0.6062959295356231,0.5555555555555556,0.36269533159720546
0.9603174603174603,0.7337075148113502,0.7071454630739563,1.0,0.6200759636266986
1.0,0.9867997089699616,0.9894199197373221,0.6111111111111112,0.6010426407138046
0.9984126984126984,0.9896060700550878,0.9895762756032731,0.3333333333333333,0.33247734242987204
0.9952380952380953,0.9688182101652635,0.9687288268098192,0.3333333333333333,0.33126214474679017
0.9920634920634921,0.9364930880365866,0.9438682441236254,0.4444444444444444,0.4287104224134014
0.9571428571428572,0.7170772268994907,0.7105331735028926,0.5555555555555556,0.42259587378139385
0.9936507936507937,0.9475106537781935,0.9565330692656486,0.3888888888888889,0.3813055938479929
0.9619047619047619,0.7363059972975783,0.7339865533955283,0.7222222222222222,0.5485908306559231
0.9888888888888889,0.9157052281467623,0.9230207953301715,0.4444444444444444,0.4225022275410839
0.9428571428571428,0.6246751896892215,0.6207327878250899,0.4444444444444444,0.3083683932921749
0.9746031746031746,0.8227834944392475,0.8314483765049252,0.3888888888888889,0.3491662041735926
0.953968253968254,0.6980563351003014,0.6959399593474749,0.3888888888888889,0.30498280627484897
0.9666666666666667,0.7695665731212973,0.7751602647625996,0.5,0.41555918511245127
0.973015873015873,0.806984720922981,0.7941835617866263,0.9444444444444444,0.7091996413899857
0.9634920634920635,0.7461802307452449,0.7415437535831553,0.7777777777777778,0.5872050315574059
0.9587301587301588,0.7243529778609292,0.7040183457549383,0.8888888888888888,0.6019306274160386
0.9396825396825397,0.6017046045109656,0.5906603429405326,0.6666666666666666,0.40763010285937784
0.9619047619047619,0.7337075148113502,0.7175691874706833,1.0,0.6404544872386341
0.9428571428571428,0.6209333749090532,0.6029082191066868,0.8333333333333334,0.46880092875035984
0.9571428571428572,0.7144787444132626,0.6967217386772294,0.8333333333333334,0.5707343104675839
0.9682539682539683,0.7773620205799814,0.7728149267733361,0.7777777777777778,0.6105692176545198
0.9714285714285714,0.8129092609915809,0.8123729608589149,0.3333333333333333,0.30118297235921043
0.973015873015873,0.8117659286976405,0.8187835513629019,0.4444444444444444,0.38868051070252585
0.9857142857142858,0.9064546304957904,0.9061864804294575,0.3333333333333333,0.32200328588131444
0.9904761904761905,0.9254755222949799,0.9315161307135038,0.5,0.47474140554743804
0.9698412698412698,0.7877559505248936,0.7832386511700631,0.7777777777777778,0.6179496431114239
0.9555555555555556,0.7078266292485188,0.7041225829989055,0.4444444444444444,0.3447097448553097
0.9746031746031746,0.8336971208814052,0.8332204096523688,0.3333333333333333,0.3065197063364076
0.9904761904761905,0.9249558257977342,0.9294313858341586,0.5555555555555556,0.52464163098699
0.9555555555555556,0.706163600457333,0.6975556366289676,0.6111111111111112,0.450052951440293
0.9761904761904762,0.8331774243841596,0.8418721009016521,0.3888888888888889,0.3523083109661125
0.9650793650793651,0.7591726431763851,0.7647365403658727,0.5,0.40965947197291974
0.9968253968253968,0.9628936700966636,0.9505394277375305,0.9444444444444444,0.852681105631582
0.9857142857142858,0.8927346429685065,0.8929483504456143,0.6666666666666666,0.60507053076761
0.9809523809523809,0.8589543706475419,0.8463021837702611,0.9444444444444444,0.7624501987916881
0.9968253968253968,0.9654921525828917,0.9659144212227029,0.6666666666666666,0.6433883688615234
0.9587301587301588,0.7259120673526661,0.7131391046020744,0.7222222222222222,0.5312949209308987
0.9904761904761905,0.937636420330527,0.9374576536196383,0.3333333333333333,0.3264311004672672
0.9650793650793651,0.7550150711984202,0.7420649398029916,0.9444444444444444,0.6618256609978557
0.9476190476190476,0.6531545577382809,0.6401730338249857,0.7222222222222222,0.4715453144516806
0.9682539682539683,0.7784014135744726,0.7782873820816179,0.6666666666666666,0.5396470638460786
0.9603174603174603,0.7373453902920695,0.7288268098191484,0.6111111111111112,0.47041384752464066
0.9619047619047619,0.735266604303087,0.7279929118674102,0.8333333333333334,0.5996335402272573
0.9984126984126984,0.9780688078162353,0.9855631417105332,0.4444444444444444,0.43894320217810134
0.9809523809523809,0.86155285313377,0.8616771772554334,0.6666666666666666,0.5879134378223393
0.9619047619047619,0.7505456813221079,0.7498306144785531,0.3333333333333333,0.28455580696204713
0.9984126984126984,0.9738072965388214,0.964611455673112,0.8888888888888888,0.8276456095750526
0.9587301587301588,0.7286144891383431,0.7249700317923594,0.4444444444444444,0.3533031645543472
0.9777777777777777,0.8418043862384368,0.846041590660343,0.5555555555555556,0.4897226005560934
0.9873015873015873,0.9046876624051555,0.9106686819200499,0.5,0.4674733555789059
0.9984126984126984,0.9727679035443302,0.9573148485954032,1.0,0.8993224419083451
0.9920634920634921,0.9317118802619271,0.9192682545473497,0.9444444444444444,0.8272864487004519
0.9809523809523809,0.8752728406610539,0.8749153072392766,0.3333333333333333,0.3156628845520887
0.9476190476190476,0.651595468246544,0.6310522749778495,0.8888888888888888,0.513763243024388
0.9634920634920635,0.7466999272424905,0.7444102777922552,0.7222222222222222,0.5555900608287417
0.9666666666666667,0.7654090011433323,0.7524886641997185,0.9444444444444444,0.6710558751310015
0.9761904761904762,0.8325537885874649,0.8396310001563558,0.4444444444444444,0.3959794088443366
0.9777777777777777,0.8381665107577175,0.8254547349768072,0.9444444444444444,0.7415979353758314
0.9603174603174603,0.7363059972975783,0.7235628289988013,0.7222222222222222,0.540522931623096
0.9809523809523809,0.8620725496310155,0.8643352269765987,0.6111111111111112,0.5439272478884839
0.9857142857142858,0.8937740359629976,0.8981602126439777,0.5555555555555556,0.5118165029464138
0.973015873015873,0.811142292900946,0.8168551623495074,0.5,0.4318547326468697
0.9476190476190476,0.6547136472300177,0.6479908271225309,0.5555555555555556,0.3861355364070417
0.973015873015873,0.8075044174202266,0.7978318653254809,0.8888888888888888,0.6920833121022617
0.9777777777777777,0.8412846897411912,0.8434877781831448,0.6111111111111112,0.5334609033832459
0.9634920634920635,0.7500259848248623,0.7584823057278366,0.3888888888888889,0.32649059337287595
0.9555555555555556,0.7072029934518242,0.702194193985511,0.5,0.3800551411097355
0.9968253968253968,0.9660118490801373,0.9685724709438682,0.6111111111111112,0.5923743040225192
0.9523809523809523,0.6858954370647542,0.6792620003127118,0.5555555555555556,0.40375755539243974
0.9968253968253968,0.962373973599418,0.9468911241986762,1.0,0.8816442351787611
0.9619047619047619,0.7383847832865608,0.7438890915724188,0.5,0.4003995113869697
0.9492063492063492,0.6656272736721756,0.6604992963986033,0.5,0.3599333183682969
0.9698412698412698,0.7856771645359111,0.769687809454318,1.0,0.7079778333840584
0.9936507936507937,0.9457436856875585,0.9502788346276125,0.5555555555555556,0.5326764784055902
0.9444444444444444,0.6339257873401933,0.627143378329077,0.5555555555555556,0.3748340877823332
0.9857142857142858,0.8911755534767696,0.8843487778183144,0.8333333333333334,0.728791536583317
0.9841269841269841,0.8960607005508783,0.8957627560327305,0.3333333333333333,0.31993315311022574
0.9984126984126984,0.9732876000415758,0.9609631521342575,0.9444444444444444,0.8616799584651382
0.9746031746031746,0.8184180438623844,0.8113827070412258,0.8333333333333334,0.6743544262308628
0.9873015873015873,0.902608876416173,0.9007661437431594,0.7222222222222222,0.6558146740904265
0.9587301587301588,0.7279908533416486,0.7230416427789649,0.5,0.3906041146505411
0.9793650793650793,0.8485604407026297,0.8358784593735341,0.9444444444444444,0.7521391968733173
0.9698412698412698,0.7861968610331567,0.7733361129931724,0.9444444444444444,0.6897752077087382
0.9587301587301588,0.7238332813636836,0.7003700422160838,0.9444444444444444,0.6181413424739409
0.953968253968254,0.694210581020684,0.6790014072027936,0.7777777777777778,0.5294352167703891
0.9412698412698413,0.6142812597443094,0.6103090634283629,0.4444444444444444,0.3037863378398291
0.9936507936507937,0.9421058102068393,0.9296919789440766,0.9444444444444444,0.836172926045636
0.9412698412698413,0.6120985344558778,0.6010840673372596,0.6666666666666666,0.41551401457300763
0.9809523809523809,0.8599937636420331,0.8530776046281336,0.8333333333333334,0.7056631186676895
0.9920634920634921,0.9348300592454007,0.9373012977536874,0.6111111111111112,0.5788286507917927
0.9412698412698413,0.6136576239476146,0.6083806744149685,0.5,0.33365287817588146
0.973015873015873,0.8233031909364931,0.8227966852556419,0.3333333333333333,0.3039361718243252
0.9396825396825397,0.6006652115164745,0.585187887632251,0.7777777777777778,0.437786395680154
0.9952380952380953,0.9540588296434883,0.9500182415176942,0.7777777777777778,0.7310566738783453
0.9761904761904762,0.8303710632990334,0.8304060040652526,0.6666666666666666,0.569971919899413
0.9777777777777777,0.8423240827356825,0.8481263355396883,0.5,0.4441917985173597
0.9444444444444444,0.631847001351211,0.6164590608224318,0.7777777777777778,0.477028577251951
0.9650793650793651,0.7555347676956657,0.7457132433418461,0.8888888888888888,0.639775827426505
0.9777777777777777,0.8392059037522087,0.8322301558346797,0.8333333333333334,0.69017623396136
1.0,0.9831618334892424,0.9677385729921301,1.0,0.9
0.9841269841269841,0.8828604095208399,0.8851826757700526,0.6111111111111112,0.5569583976577424
0.9841269841269841,0.8833801060180855,0.8877364882472508,0.5555555555555556,0.5074481812660697
0.9444444444444444,0.6350691196341337,0.6311565122218168,0.4444444444444444,0.31319723413074946
0.9984126984126984,0.9764057790250494,0.9789961953405952,0.6111111111111112,0.596839577104596
0.9793650793650793,0.8490801371998753,0.8395267629123886,0.8888888888888888,0.7289711170206173
0.9380952380952381,0.5928697640577902,0.5875332256215146,0.5,0.3229937325876522
0.9793650793650793,0.8516786196861034,0.8539115025798718,0.6111111111111112,0.5386764481082771
0.9888888888888889,0.9114437168693483,0.9020691092927503,0.8888888888888888,0.7798959425012085
0.9952380952380953,0.9556179191352251,0.9581487465471413,0.6111111111111112,0.5877713158811629
0.9666666666666667,0.7708138447146866,0.7793297545212905,0.3888888888888889,0.3333333792383531
0.9428571428571428,0.6230121608980356,0.614165841455152,0.6111111111111112,0.3966790013454762
0.9571428571428572,0.7165575304022451,0.7079793610256945,0.6111111111111112,0.45663903643527326
0.9984126984126984,0.9774451720195407,0.9836347526971386,0.5,0.4920285015086685
0.9396825396825397,0.6027439975054568,0.595872205138896,0.5555555555555556,0.35642984726022775
0.9571428571428572,0.7149984409105083,0.6998488559962475,0.7777777777777778,0.5476675888985136
0.9746031746031746,0.8204968298513668,0.8226403293896909,0.6111111111111112,0.522850233495883
0.9793650793650793,0.8480407442053841,0.8322301558346797,1.0,0.7719283000315368
0.9920634920634921,0.935869452239892,0.9419398551102308,0.5,0.4781633493404137
0.9888888888888889,0.9272424903856148,0.9270339292229114,0.3333333333333333,0.3250109827759775
0.9841269841269841,0.8845234383120257,0.8917496221399905,0.4444444444444444,0.41309683985253476
0.9571428571428572,0.7134393514187715,0.6899463178193568,0.9444444444444444,0.6037749074899089
0.9936507936507937,0.9452239891903129,0.9477250221504143,0.6111111111111112,0.5831011227908783
1.0,0.9847209229809791,0.9781622973888571,0.8333333333333334,0.7938371133821855
0.9571428571428572,0.7175969233967364,0.7126179183822379,0.5,0.38528280475998333
0.9396825396825397,0.6022243010082112,0.5933183926616981,0.6111111111111112,0.38307495692961524
0.9555555555555556,0.7040848144683505,0.6862980142805024,0.8333333333333334,0.5618423245200286
0.9603174603174603,0.7368256937948239,0.726168760097983,0.6666666666666666,0.5068587608123537
0.9936507936507937,0.9584242802203513,0.9583051024130922,0.3333333333333333,0.32934074423972337
0.9587301587301588,0.723313584866438,0.6967217386772294,1.0,0.6058230058515128
0.9984126984126984,0.9786924436129301,0.9878042424558294,0.3888888888888889,0.3854227232602112
0.9714285714285714,0.7991892734642969,0.7991348308750718,0.6666666666666666,0.5519940452008368
0.9555555555555556,0.7066832969545785,0.7001094491061657,0.5555555555555556,0.4157442741521228
1.0,0.9884627377611475,0.9959868661072601,0.4444444444444444,0.44053739170432027
0.9507936507936507,0.6723833281363684,0.6518997237713035,0.8888888888888888,0.5512713165697383
0.9793650793650793,0.8648789107161418,0.8644915828425497,0.3333333333333333,0.3135652087691441
0.9603174603174603,0.7342272113085958,0.7107937666128107,0.9444444444444444,0.6289954925861098
0.9857142857142858,0.8942937324602434,0.900244957523323,0.5,0.4635600444544211
0.953968253968254,0.6947302775179296,0.6818679314118935,0.7222222222222222,0.5044404843714065
0.9507936507936507,0.6734227211308597,0.6581539584093397,0.7777777777777778,0.5124356698529341
0.9476190476190476,0.6536742542355265,0.6427789649241674,0.6666666666666666,0.44472503122688967
0.9682539682539683,0.7921214011017566,0.791525512065461,0.3333333333333333,0.2957713213897653
0.9650793650793651,0.7544953747011746,0.7384166362641372,1.0,0.6677672395154083
0.9634920634920635,0.744621141253508,0.7316412154062646,0.9444444444444444,0.6526262950379886
0.9587301587301588,0.7264317638499117,0.7157450357012561,0.6666666666666666,0.4986983172596907
0.9746031746031746,0.8173786508678932,0.8046072861833533,0.9444444444444444,0.7205032934556427
0.9714285714285714,0.7971104874753144,0.7874081409287539,0.8888888888888888,0.6820631643890891
0.9603174603174603,0.7390084190832553,0.7353937561890863,0.4444444444444444,0.3575469918211026
0.9857142857142858,0.8896164639850328,0.8739250534215875,1.0,0.8107463192207531
0.9634920634920635,0.7451408377507536,0.7352895189451192,0.8888888888888888,0.6295783027169805
0.9714285714285714,0.7986695769670513,0.7965288997758899,0.7222222222222222,0.590329510822338
0.9682539682539683,0.7799605030662095,0.7855839891593266,0.5,0.4187861243814873
